ID,name,category,main_category,currency,deadline,goal,launched,pledged,state,backers,country,usd_pledged,usd_pledged_real,usd_goal_real
1000002330,The Songs of Adelaide & Abullah,Poetry,Publishing,GBP,2015-10-09,1000.00,2015-08-11 12:12:28,0.00,failed,0,GB,0.00,0.00,1533.95
1000003930,Greeting From Earth: ZGAC Arts Capsule For ET,Narrative Film,Film & Video,USD,2017-11-01,30000.00,2017-09-02 04:43:57,2421.00,failed,15,US,100.00,2421.00,30000.00
1000004038,Where is Hank?,Narrative Film,Film & Video,USD,2013-02-26,45000.00,2013-01-12 00:20:50,220.00,failed,3,US,220.00,220.00,45000.00
1000007540,ToshiCapital Rekordz Needs Help to Complete Album,Music,Music,USD,2012-04-16,5000.00,2012-03-17 03:24:11,1.00,failed,1,US,1.00,1.00,5000.00
1000011046,Community Film Project: The Art of Neighborhood Filmmaking,Film & Video,Film & Video,USD,2015-08-29,19500.00,2015-07-04 08:35:03,1283.00,canceled,14,US,1283.00,1283.00,19500.00
1000014025,Monarch Espresso Bar,Restaurants,Food,USD,2016-04-01,50000.00,2016-02-26 13:38:27,52375.00,successful,224,US,52375.00,52375.00,50000.00
1000023410,Support Solar Roasted Coffee & Green Energy!  SolarCoffee.co,Food,Food,USD,2014-12-21,1000.00,2014-12-01 18:30:44,1205.00,successful,16,US,1205.00,1205.00,1000.00
1000030581,Chaser Strips. Our Strips make Shots their B*tch!,Drinks,Food,USD,2016-03-17,25000.00,2016-02-01 20:05:12,453.00,failed,40,US,453.00,453.00,25000.00
1000034518,SPIN - Premium Retractable In-Ear Headphones with Mic,Product Design,Design,USD,2014-05-29,125000.00,2014-04-24 18:14:43,8233.00,canceled,58,US,8233.00,8233.00,125000.00
100004195,STUDIO IN THE SKY - A Documentary Feature Film (Canceled),Documentary,Film & Video,USD,2014-08-10,65000.00,2014-07-11 21:55:48,6240.57,canceled,43,US,6240.57,6240.57,65000.00
100004721,Of Jesus and Madmen,Nonfiction,Publishing,CAD,2013-10-09,2500.00,2013-09-09 18:19:37,0.00,failed,0,CA,0.00,0.00,2406.39
100005484,Lisa Lim New CD!,Indie Rock,Music,USD,2013-04-08,12500.00,2013-03-09 06:42:58,12700.00,successful,100,US,12700.00,12700.00,12500.00
1000055792,The Cottage Market,Crafts,Crafts,USD,2014-10-02,5000.00,2014-09-02 17:11:50,0.00,failed,0,US,0.00,0.00,5000.00
1000056157,G-Spot Place for Gamers to connect with eachother & go pro!,Games,Games,USD,2016-03-25,200000.00,2016-02-09 23:01:12,0.00,failed,0,US,0.00,0.00,200000.00
1000057089,Tombstone: Old West tabletop game and miniatures in 32mm.,Tabletop Games,Games,GBP,2017-05-03,5000.00,2017-04-05 19:44:18,94175.00,successful,761,GB,57763.78,121857.33,6469.73
1000064368,Survival Rings,Design,Design,USD,2015-02-28,2500.00,2015-01-29 02:10:53,664.00,failed,11,US,664.00,664.00,2500.00
1000064918,The Beard,Comic Books,Comics,USD,2014-11-08,1500.00,2014-10-09 22:27:52,395.00,failed,16,US,395.00,395.00,1500.00
1000068480,Notes From London: Above & Below,Art Books,Publishing,USD,2015-05-10,3000.00,2015-04-10 21:20:54,789.00,failed,20,US,789.00,789.00,3000.00
1000070642,Mike Corey's Darkness & Light Album,Music,Music,USD,2012-08-17,250.00,2012-08-02 14:11:32,250.00,successful,7,US,250.00,250.00,250.00
1000071625,Boco Tea,Food,Food,USD,2012-06-02,5000.00,2012-05-03 17:24:32,1781.00,failed,40,US,1781.00,1781.00,5000.00
1000072011,CMUK. Shoes: Take on Life Feet First.,Fashion,Fashion,USD,2013-12-30,20000.00,2013-11-25 07:06:11,34268.00,successful,624,US,34268.00,34268.00,20000.00
1000081649,MikeyJ clothing brand fundraiser,Childrenswear,Fashion,AUD,2017-09-07,2500.00,2017-08-08 01:20:20,1.00,failed,1,AU,0.00,0.81,2026.10
1000082254,Alice in Wonderland in G Minor,Theater,Theater,USD,2014-06-15,3500.00,2014-05-16 10:10:38,650.00,failed,12,US,650.00,650.00,3500.00
1000087442,Mountain brew: A quest for alcohol sustainability,Drinks,Food,NOK,2015-02-25,500.00,2015-01-26 19:17:33,48.00,failed,3,NO,6.18,6.29,65.55
1000091520,The Book Zoo - A Mini-Comic,Comics,Comics,USD,2014-11-12,175.00,2014-10-23 17:15:50,701.66,successful,66,US,701.66,701.66,175.00
1000102741,Matt Cavenaugh & Jenny Powers make their 1st album! ,Music,Music,USD,2011-01-06,10000.00,2010-12-07 23:16:50,15827.00,successful,147,US,15827.00,15827.00,10000.00
1000103948,Superhero Teddy Bear,DIY,Crafts,GBP,2016-01-05,12000.00,2015-12-06 20:09:06,0.00,failed,0,GB,0.00,0.00,17489.65
1000104688,Permaculture Skills,Webseries,Film & Video,CAD,2014-12-14,17757.00,2014-11-14 18:02:00,48905.00,successful,571,CA,43203.25,42174.03,15313.04
1000104953,Rebel Army Origins: The Heroic Story Of Major Gripes,Comics,Comics,GBP,2016-01-28,100.00,2015-12-29 16:59:29,112.38,successful,27,GB,167.70,160.60,142.91
100011318,My Moon - Animated Short Film,Animation,Film & Video,USD,2017-05-03,50000.00,2017-04-03 17:11:33,57577.31,successful,840,US,10120.00,57577.31,50000.00
1000115172,Daily Brew Coffee,Food Trucks,Food,GBP,2015-03-31,3500.00,2015-03-01 18:06:32,21.00,failed,1,GB,32.42,31.09,5181.12
1000117861,Ledr workbook: one tough journal!,Product Design,Design,USD,2016-10-08,1000.00,2016-09-07 13:14:26,47266.00,successful,549,US,11253.00,47266.00,1000.00
1000120151,Feather Cast Furled Fly Fishing Leaders,Product Design,Design,AUD,2015-08-22,2000.00,2015-07-23 03:09:43,2000.00,successful,18,AU,1473.62,1427.35,1427.35
1000120287,BB130A,Public Art,Art,USD,2013-03-24,25000.00,2013-02-12 01:07:28,1395.00,failed,30,US,1395.00,1395.00,25000.00
100012079,Chris Eger Band - New Nashville Record!,Music,Music,USD,2014-08-13,12000.00,2014-07-14 22:35:51,13260.00,successful,92,US,13260.00,13260.00,12000.00
1000129669,Squatch Watchers,Webseries,Film & Video,USD,2013-08-23,10000.00,2013-07-24 21:40:13,1373.37,failed,54,US,1373.37,1373.37,10000.00
1000131947,Arrows & Sound Debut Album,Indie Rock,Music,USD,2012-05-19,4000.00,2012-04-19 01:04:31,8641.34,successful,157,US,8641.34,8641.34,4000.00
1000132945,Zen in America: a film on Zen Buddhism in North America,Documentary,Film & Video,USD,2013-10-21,10000.00,2013-09-21 23:00:54,15663.00,successful,213,US,15663.00,15663.00,10000.00
1000134913,Galaxy: Winnie and Friends,Illustration,Art,USD,2016-01-27,3000.00,2015-12-23 21:47:29,17.00,failed,2,US,17.00,17.00,3000.00
1000146991,Help Scott Reynolds Make a New Record!,Indie Rock,Music,USD,2012-09-02,15000.00,2012-08-03 18:43:16,17499.99,successful,277,US,17499.99,17499.99,15000.00
1000149007,Unschooling To University Book Project,Nonfiction,Publishing,CAD,2018-01-19,3000.00,2017-11-20 18:15:14,592.00,live,24,CA,185.65,472.88,2396.36
1000153208,Phil Younger - Slow Down (Official Music Video),Music,Music,USD,2016-12-20,2100.00,2016-12-09 20:27:02,2100.00,successful,34,US,83.00,2100.00,2100.00
 1000160286,      THE RETURN     book project  ,Photography,Photography,USD,2013-12-13,15000.00,2013-11-13 00:34:20,23907.00,successful,232,US,23907.00,23907.00,15000.00 
1000170964,Penny Bingo Playing Card Game fun for the whole family!,Tabletop Games,Games,USD,2017-03-27,1500.00,2017-03-02 04:01:43,856.00,failed,25,US,324.00,856.00,1500.00
 1000171141,  The Please Please Me: Studio Premiere  ,Pop,Music,USD,2012-09-01,10000.00,2012-07-15 03:27:33,12656.00,successful,181,US,12656.00,12656.00,10000.00 
1000182258,WE ARE ONE: STREET MUSIC OF NEW ORLEANS,Documentary,Film & Video,USD,2013-10-01,2500.00,2013-08-27 20:17:27,0.00,failed,0,US,0.00,0.00,2500.00
1000183112,Hot Chicken Takes Over.,Restaurants,Food,USD,2014-10-16,40000.00,2014-09-16 02:31:08,63401.00,successful,855,US,63401.00,63401.00,40000.00
1000184224,Star and the Snowman,Narrative Film,Film & Video,USD,2013-02-23,8000.00,2013-01-24 06:04:05,9401.00,successful,154,US,9401.00,9401.00,8000.00
1000190427,Seas of Iron,Tabletop Games,Games,USD,2013-07-19,3000.00,2013-06-19 03:16:33,8105.00,successful,218,US,8105.00,8105.00,3000.00
1000197321,(In)visible Empire Tees,Public Art,Art,USD,2016-01-02,1200.00,2015-11-22 22:47:44,90.00,failed,4,US,90.00,90.00,1200.00
1000201265,I'LL SEE YOU IN MY DREAMS - narrative feature film,Narrative Film,Film & Video,USD,2014-02-05,60000.00,2014-01-11 00:57:14,61365.16,successful,632,US,61365.16,61365.16,60000.00
100020143,H2O The Underwater Portraits,People,Photography,USD,2017-10-30,9500.00,2017-09-25 17:17:43,6.00,failed,2,US,5.00,6.00,9500.00
1000202062,SkateFrames-Photo frame made from recycled skateboard wood,Art,Art,USD,2015-05-08,7500.00,2015-04-08 02:53:18,3.00,failed,3,US,3.00,3.00,7500.00
1000212914,A Teacher's Travels in China,Photography,Photography,USD,2012-05-13,4000.00,2012-04-18 23:34:56,4866.17,successful,71,US,4866.17,4866.17,4000.00
1000216800,Mothers Into Living Fit Yoga DVD for Moms and Babies,Family,Film & Video,USD,2014-06-19,11000.00,2014-05-20 17:18:29,11055.00,successful,51,US,11055.00,11055.00,11000.00
1000217634,Mobile barbecue & catering trailer,Food Trucks,Food,USD,2014-10-23,13750.00,2014-09-24 03:35:33,1.00,failed,1,US,1.00,1.00,13750.00
1000226576,Following the Call - A Novel,Fiction,Publishing,USD,2016-02-01,13500.00,2016-01-02 08:06:07,0.00,failed,0,US,0.00,0.00,13500.00
1000227361,UNDERWATER,Film & Video,Film & Video,USD,2012-03-26,9500.00,2012-02-13 19:00:37,9660.00,successful,121,US,9660.00,9660.00,9500.00
1000230071,The Fanalyzers: Views from the Stands,Webseries,Film & Video,USD,2013-10-18,60000.00,2013-09-18 20:20:00,635.00,failed,5,US,635.00,635.00,60000.00
1000232288,Empires at Sea,Tabletop Games,Games,USD,2015-06-23,25000.00,2015-05-24 12:47:52,37199.00,successful,448,US,37199.00,37199.00,25000.00
1000233415,Teachers In The Sky,Documentary,Film & Video,USD,2016-06-18,250000.00,2016-04-19 23:53:22,65.00,failed,2,US,65.00,65.00,250000.00
1000234595,Fashion removeable decoration jewel accessory hells shoes,Accessories,Fashion,EUR,2016-10-13,12000.00,2016-09-13 11:59:57,137.00,failed,2,IT,0.00,150.73,13202.34
1000235465,TO RUSSIA WITH LOVE AND SIMON,Art,Art,USD,2016-06-22,5000.00,2016-05-23 18:10:04,587.00,failed,8,US,587.00,587.00,5000.00
1000235643,HIIT Bottle™,Drinks,Food,USD,2015-04-27,15000.00,2015-03-13 18:33:08,124998.00,successful,2784,US,124998.00,124998.00,15000.00
 1000243793,      JurassicJurassix     by The Guilt  ,Rock,Music,USD,2015-04-09,850.00,2015-02-23 00:10:28,485.00,failed,13,US,485.00,485.00,850.00 
1000245024,Safer Home,Hardware,Technology,CAD,2015-07-03,50000.00,2015-06-03 05:52:43,0.00,failed,0,CA,0.00,0.00,39739.31
 1000252415,  Pantochino Productions:     Cinderella Skeleton the Musical      ,Theater,Theater,USD,2011-07-08,15000.00,2011-05-09 15:08:51,15425.00,successful,144,US,15425.00,15425.00,15000.00 
1000256230,Shreddit - Privacy on Reddit,Software,Technology,GBP,2017-07-02,2000.00,2017-06-02 12:20:21,0.00,failed,0,GB,0.00,0.00,2579.35
 1000256760,  Raise the Woof expanding the love (Canceled)  ,Design,Design,CAD,2015-08-07,15000.00,2015-07-08 21:46:53,700.00,canceled,6,CA,553.32,535.09,11466.14 
 1000257563,      Flying     Carpets from Azerbaijan Iran and Turkey/Anatolia  ,Weaving,Crafts,GBP,2015-04-29,5000.00,2015-03-30 19:55:31,2.00,failed,1,GB,2.98,3.09,7716.41 
1000260691,Gizbee™ Unlimited Removable Storage for Your Travel Photos,Gadgets,Technology,USD,2016-03-25,87000.00,2016-02-29 20:30:27,2030.00,canceled,15,US,2030.00,2030.00,87000.00
1000261018,Diposta - liberating people from their postal mailbox.,Web,Technology,USD,2016-08-23,100000.00,2016-07-24 13:18:36,141.00,failed,3,US,100.00,141.00,100000.00
1000268182,My Future Just Passed - Debut CD - Jazz Trio,Jazz,Music,USD,2014-12-03,4000.00,2014-11-03 21:11:44,4795.00,successful,95,US,4795.00,4795.00,4000.00
 1000278154,  Loot and Recruit - A quirky combative deck building game  ,Tabletop Games,Games,USD,2015-04-10,13000.00,2015-03-10 13:19:18,2453.00,canceled,65,US,2453.00,2453.00,13000.00 
1000282287,Babe Ruth's Family Kitchen - Gourmet Hot Dogs and Condiments,Food,Food,USD,2015-10-13,25000.00,2015-09-08 00:59:36,0.00,canceled,0,US,0.00,0.00,25000.00
1000291122,VOTE (anyone but) TRUMP Candle,Product Design,Design,GBP,2016-08-24,500.00,2016-07-12 17:31:42,218.00,failed,6,GB,174.83,288.03,660.62
 1000291263,      It's Complicated     by Ariana Salome  ,Ready-to-wear,Fashion,USD,2016-06-09,68000.00,2016-05-10 22:52:00,0.00,failed,0,US,0.00,0.00,68000.00 
1000294559,Secular Solstice 2014,Festivals,Theater,USD,2014-10-27,7500.00,2014-10-02 01:50:58,8157.01,successful,164,US,8157.01,8157.01,7500.00
1000320473,Uncommon Rhythm - Season One,Film & Video,Film & Video,USD,2013-09-13,29700.00,2013-08-15 11:16:24,10410.00,failed,76,US,10410.00,10410.00,29700.00
1000328150,Legacy of Svarog | a Unique 3D Action RPG and Adventure Game,Video Games,Games,USD,2015-10-30,50000.00,2015-08-31 06:33:31,1410.00,failed,38,US,1410.00,1410.00,50000.00
1000328328,ANVIL Beard,Fashion,Fashion,GBP,2015-02-06,2000.00,2014-12-15 19:13:37,61.00,failed,9,GB,95.87,93.44,3063.58
1000331311,AWE - Antediluvian Wars: Extermination Tactical Card Game,Tabletop Games,Games,USD,2014-08-31,13000.00,2014-08-01 00:02:17,1811.00,failed,34,US,1811.00,1811.00,13000.00
1000332383,Road to the Shire,Documentary,Film & Video,USD,2012-02-14,4000.00,2012-01-11 20:13:55,4045.00,successful,29,US,4045.00,4045.00,4000.00
1000333671,Spiral Electric Skylab Recording,Rock,Music,USD,2015-02-26,500.00,2015-02-04 18:54:23,1540.00,successful,31,US,1540.00,1540.00,500.00
1000334074,The Locals Only Shirt,Fashion,Fashion,USD,2012-05-18,500.00,2012-05-01 07:11:25,754.82,successful,36,US,754.82,754.82,500.00
 1000335422,      Where is Home?     Anthology  ,Anthologies,Comics,CAD,2014-07-10,4000.00,2014-06-10 00:09:47,4944.50,successful,153,CA,4523.37,4646.65,3759.05 
 1000338818,  Diet! No thanks I'd rather lose weight  ,Publishing,Publishing,EUR,2016-10-30,10000.00,2016-08-31 18:13:01,88.00,failed,9,DE,22.35,97.62,11092.99 
1000339877,The Onrust Project and Two Row Treaty of 1613,Theater,Theater,USD,2013-06-16,5000.00,2013-04-17 00:58:02,110.00,failed,2,US,110.00,110.00,5000.00
1000340977,My Coffee Box,Drinks,Food,USD,2014-06-16,3000.00,2014-05-17 22:43:36,1027.00,failed,18,US,1027.00,1027.00,3000.00
1000344383,¿Tu Sabes? (You Know?) a music collaboration by Daya & Edu,Music,Music,USD,2012-12-13,4500.00,2012-10-30 08:53:03,409.00,failed,10,US,409.00,409.00,4500.00
1000348690,The Silence of Hollowind - Urban Fantasy RPG,Tabletop Games,Games,EUR,2017-11-23,5000.00,2017-10-24 16:58:01,11238.00,successful,346,IT,5509.51,13347.43,5938.52
1000348776,P/O/V Comic and Literary Anthology,Comics,Comics,USD,2012-03-06,4289.00,2012-01-21 18:25:26,474.00,failed,14,US,474.00,474.00,4289.00
 1000354338,      Little Shop of Horrors     at the Browncoat Theatre!  ,Theater,Theater,USD,2012-08-14,2000.00,2012-06-30 20:05:26,2075.00,successful,40,US,2075.00,2075.00,2000.00 
10003650,Glyscian Debut Album Recording (Canceled),Rock,Music,USD,2012-05-26,15000.00,2012-03-27 04:25:46,151.00,canceled,4,US,151.00,151.00,15000.00
1000374001,The Dark Waters Project,Indie Rock,Music,USD,2013-04-07,10000.00,2013-02-20 01:48:42,10414.00,successful,113,US,10414.00,10414.00,10000.00
1000386601,Los Angeles International Student Film Festival,Film & Video,Film & Video,USD,2014-04-03,1500.00,2014-03-04 17:24:51,1932.99,successful,29,US,1932.99,1932.99,1500.00
1000389241,Bob Contemplates Ending It All,Shorts,Film & Video,USD,2014-01-27,3000.00,2013-12-18 20:54:02,3755.00,successful,52,US,3755.00,3755.00,3000.00
1000392220,The Girls Bathroom,Webseries,Film & Video,USD,2011-07-31,2000.00,2011-07-06 16:35:45,2252.99,successful,45,US,2252.99,2252.99,2000.00
100039820,Best Spray Bottle Ever - SureShot,Gadgets,Technology,CAD,2015-03-07,25000.00,2015-02-05 16:57:21,3.00,failed,3,CA,2.41,2.36,19632.48
1000399155,New Lasagna,Restaurants,Food,USD,2014-10-17,5000.00,2014-08-18 11:13:15,0.00,failed,0,US,0.00,0.00,5000.00
1000405957,Just Another Reality Show: Season 3,Webseries,Film & Video,USD,2014-05-11,500.00,2014-04-10 23:04:22,756.00,successful,8,US,756.00,756.00,500.00
1000413719,Backroads EP Processing Costs,Electronic Music,Music,USD,2012-10-26,200.00,2012-10-11 23:32:24,274.05,successful,14,US,274.05,274.05,200.00
1000415969,Disaster Area: A Podcast,Radio & Podcasts,Publishing,USD,2016-12-28,1000.00,2016-11-28 17:58:04,1055.00,successful,19,US,0.00,1055.00,1000.00
1000422671,Titanium EDC Bottle Opener,Product Design,Design,USD,2016-11-20,500.00,2016-10-21 16:23:31,156.00,failed,4,US,1.00,156.00,500.00
1000427280,Fishtacular - The Ultimate Fishing Tool (Canceled),Apps,Technology,CAD,2015-05-25,50000.00,2015-04-23 20:04:12,11336.00,canceled,19,CA,9240.74,9110.34,40183.24
 1000428719,      Eat Like A Gilmore     Cookbook  ,Cookbooks,Food,USD,2016-04-17,20000.00,2016-03-14 12:39:29,47273.00,successful,1261,US,47273.00,47273.00,20000.00 
10004373,Bad Example (A Southern Trailer Park Fairy Tale) Indie Short,Shorts,Film & Video,USD,2017-05-08,1800.00,2017-04-03 23:25:55,22.00,failed,2,US,7.00,22.00,1800.00
100044420,PATTY AT THE PARTY - a mumblecore horror feature,Webseries,Film & Video,USD,2010-07-04,5000.00,2010-04-29 07:14:32,50.00,failed,3,US,50.00,50.00,5000.00
1000445513,Bold Threadz,Fashion,Fashion,USD,2012-09-20,5400.00,2012-08-02 04:47:11,5858.00,successful,131,US,5858.00,5858.00,5400.00
1000450327,Happy Fix USA,Apparel,Fashion,USD,2014-10-01,1750.00,2014-08-17 17:06:42,1805.00,successful,25,US,1805.00,1805.00,1750.00
1000454605,Be part of the next SMB Project album,Indie Rock,Music,USD,2012-03-24,1000.00,2012-02-12 17:33:14,1455.00,successful,41,US,1455.00,1455.00,1000.00
1000465399,DAYTRADER - A Financial Board Game,Tabletop Games,Games,USD,2013-03-13,19500.00,2013-02-05 16:16:06,20269.00,successful,491,US,20269.00,20269.00,19500.00
1000468345,iRNinja - Control your TV with a simple press of a button,Gadgets,Technology,USD,2017-06-14,500.00,2017-05-10 16:00:18,74.00,failed,6,US,261.00,74.00,500.00
1000476123,Mama's Meatballs,Food,Food,USD,2014-08-07,100.00,2014-07-08 18:52:26,0.00,failed,0,US,0.00,0.00,100.00
 1000479996,  Ebony Child:Music Artist drops New Album Comic Book & Film  ,Pop,Music,USD,2016-05-21,10000.00,2016-04-21 01:46:25,10.00,failed,1,US,10.00,10.00,10000.00 
1000481607,Alpha Omega E.P.,Metal,Music,USD,2016-09-30,1000.00,2016-09-05 22:34:26,472.00,failed,13,US,0.00,472.00,1000.00
1000490852,Carriage,Art,Art,USD,2017-12-24,8000.00,2017-11-24 18:06:35,8360.00,successful,121,US,605.00,8360.00,8000.00
1000491057,AllThis TV,Comedy,Film & Video,USD,2017-04-09,50000.00,2017-03-10 01:12:32,40.00,failed,3,US,20.00,40.00,50000.00
1000491830,The Legendary YD 2016 Tour,Hip-Hop,Music,USD,2016-05-18,6325.00,2016-03-19 21:51:03,10.00,failed,2,US,10.00,10.00,6325.00
1000499845,MEMORY LANE  ,Documentary,Film & Video,USD,2010-11-08,20000.00,2010-10-09 22:48:40,270.00,failed,4,US,270.00,270.00,20000.00
 1000509854,  Jane Brown... a story of courage survival and love  ,Periodicals,Publishing,USD,2011-12-31,25000.00,2011-10-31 23:01:57,0.00,failed,0,US,0.00,0.00,25000.00 
1000514796,CASE:Lynk - Your EMERGENCY iPhone Charge & Sync Cord,Product Design,Design,USD,2012-10-11,125000.00,2012-09-06 06:59:37,3012.00,failed,67,US,3012.00,3012.00,125000.00
100051531,Cat - Pre-Professional Ballerina,Dance,Dance,USD,2014-10-06,3400.00,2014-08-07 13:24:34,0.00,failed,0,US,0.00,0.00,3400.00
1000519001,Wordwright: re·de·fin·ing word play,Tabletop Games,Games,USD,2015-12-29,2000.00,2015-11-21 14:12:27,14794.00,successful,624,US,14794.00,14794.00,2000.00
1000521061,SERiNO'S PiZZA ROLLiNG PiZZA LAB (Food Truck),Food Trucks,Food,USD,2014-09-30,20000.00,2014-09-01 23:39:19,0.00,failed,0,US,0.00,0.00,20000.00
1000521421,A photobook of life in Japan,Photography,Photography,USD,2013-03-14,3200.00,2013-02-12 03:11:43,568.00,failed,11,US,568.00,568.00,3200.00
1000524949,Operation: Make Stuff,Video Games,Games,USD,2012-10-18,200.00,2012-09-18 04:46:06,306.72,successful,36,US,306.72,306.72,200.00
1000535116,Xi3: Help us Usher in the Post-PC Era,Technology,Technology,USD,2012-10-28,250000.00,2012-09-28 09:33:59,90771.00,failed,120,US,90771.00,90771.00,250000.00
1000537760,help our wood shop buy a lathe & hopefully a laser engraver,Public Art,Art,USD,2014-11-13,650.00,2014-10-24 21:50:32,0.00,failed,0,US,0.00,0.00,650.00
1000542390,Spirits Asunder,Film & Video,Film & Video,GBP,2015-03-31,500.00,2015-03-01 05:52:30,5.00,failed,1,GB,7.72,7.40,740.16
1000543883,Store Facades - Paintings out of Pittsburgh,Painting,Art,USD,2013-03-30,800.00,2013-02-28 03:02:09,1062.57,successful,20,US,1062.57,1062.57,800.00
1000545028,Trackside - Independent documentary featuring Marshals,Documentary,Film & Video,GBP,2014-03-02,5000.00,2014-01-24 12:49:11,5037.00,successful,47,GB,8345.98,8447.09,8385.04
 1000549881,  Brandi Emma promotes her new 5-song EP because of YOU!  Pre-Order Right Here :)  ,Indie Rock,Music,USD,2010-07-12,10000.00,2010-06-12 01:44:53,4006.00,failed,44,US,4006.00,4006.00,10000.00 
1000551777,Gantish - Online Reward Chart Creator for Parents,Software,Technology,EUR,2015-09-16,4000.00,2015-08-17 15:37:03,282.00,failed,12,IE,313.30,322.02,4567.62
1000553538,URBNPOP / CHRIS HAMER SKETCHBOOK,Art Books,Publishing,USD,2012-07-18,1400.00,2012-06-18 16:58:21,2535.00,successful,49,US,2535.00,2535.00,1400.00
1000558429,Sellegg start up classified site,Web,Technology,USD,2016-03-20,15000.00,2016-03-02 02:13:52,25.00,failed,1,US,25.00,25.00,15000.00
1000566862,Farmer Brown's Analogy Farm Game for ages three and above,Games,Games,USD,2013-10-30,25000.00,2013-09-27 03:32:14,65.00,failed,3,US,65.00,65.00,25000.00
1000567557,The Seven Rays,World Music,Music,USD,2012-04-09,3000.00,2012-02-24 02:52:41,260.00,failed,8,US,260.00,260.00,3000.00
100056789,Four Short Stories and Ten Love Poems,Publishing,Publishing,USD,2017-08-25,3000.00,2017-07-11 17:43:09,3165.00,successful,33,US,225.00,3165.00,3000.00
100057323,David LaRocca: Star Spawn,Illustration,Art,USD,2015-10-22,650.00,2015-09-21 14:44:46,2354.50,successful,53,US,2354.50,2354.50,650.00
1000577059,Calendars for Cats,Photobooks,Photography,USD,2015-12-29,1000.00,2015-11-29 14:56:30,95.00,failed,3,US,95.00,95.00,1000.00
10005784,DOGMA - Short Film,Drama,Film & Video,GBP,2015-03-20,750.00,2015-03-06 15:13:20,756.00,successful,15,GB,1153.31,1122.89,1113.98
1000581546,Project U-Neek,Art,Art,GBP,2013-05-08,1500.00,2013-04-08 01:06:32,1515.50,successful,19,GB,2320.27,2331.32,2307.48
1000581804,Architecture & Design Website,Architecture,Design,GBP,2014-09-28,500.00,2014-08-29 19:47:50,0.00,failed,0,GB,0.00,0.00,803.32
1000586849,#NotMyPresident Protest Tees,Apparel,Fashion,USD,2016-12-22,2500.00,2016-11-22 04:46:10,25.00,failed,1,US,30.00,25.00,2500.00
1000590709,Musical Light Suit,Hardware,Technology,USD,2011-06-28,6000.00,2011-05-19 09:09:15,20.00,failed,2,US,20.00,20.00,6000.00
1000598804,Gone In 61 Seconds,Tabletop Games,Games,USD,2017-11-08,1000.00,2017-11-03 13:44:35,875.00,failed,14,US,420.00,875.00,1000.00
1000600012,YA science-fiction/comedy book series: Zeek Kim'lo,Young Adult,Publishing,GBP,2016-06-16,10000.00,2016-05-17 01:05:02,1.00,failed,1,GB,1.44,1.43,14287.14
1000600526,Rising Star - Unsigned Artist Compilation Album,Hip-Hop,Music,GBP,2013-02-22,600.00,2013-01-08 22:32:01,0.00,failed,0,GB,0.00,0.00,917.77
1000600868,Musical stage (escenario musical),Latin,Music,MXN,2017-04-17,18000.00,2017-03-03 22:34:24,10.00,failed,1,MX,0.00,0.53,955.82
1000602156,HYDRA DICE,Games,Games,USD,2012-06-06,12000.00,2012-05-07 07:42:47,3100.66,failed,89,US,3100.66,3100.66,12000.00
1000620551,Islamic World - Strategic gaming with Islamic values,Mobile Games,Games,GBP,2014-08-19,1925.00,2014-07-20 12:52:57,293.00,failed,5,GB,500.63,485.72,3191.15
1000624031,Hangar 1 Foundation,Flight,Technology,USD,2014-10-18,8500.00,2014-09-03 19:40:43,1355.00,failed,4,US,1355.00,1355.00,8500.00
1000627718,Adele's Heart is Going to Edinburgh,Theater,Theater,USD,2012-06-18,7500.00,2012-05-14 14:33:11,8315.00,successful,67,US,8315.00,8315.00,7500.00
1000629643,ODIN: Android 'Smart' Projector to Carry in Your Pocket,Hardware,Technology,USD,2014-07-08,250000.00,2014-05-28 13:54:18,268192.00,successful,561,US,268192.00,268192.00,250000.00
1000638156,Jenny's Photography - Start own business and travel!!,Fine Art,Photography,GBP,2014-08-29,500.00,2014-07-30 18:14:06,10.00,failed,1,GB,16.98,16.58,829.12
1000639526,Kaleidoscope Man,Film & Video,Film & Video,GBP,2012-12-22,60000.00,2012-11-15 22:46:18,5487.00,failed,90,GB,8715.62,8854.28,96821.04
1000644119,Operación Douve,Action,Film & Video,EUR,2016-05-01,100.00,2016-03-02 19:09:05,20.00,failed,2,ES,21.77,22.85,114.27
1000648117,42 Sketches 2013,Art Books,Publishing,USD,2013-04-07,1000.00,2013-03-18 21:16:10,2883.50,successful,78,US,2883.50,2883.50,1000.00
 1000648918,  ADVENT SAGA DIGITAL TACTICAL CARD GAME  ,Video Games,Games,USD,2014-07-31,70000.00,2014-07-01 16:01:41,15542.11,failed,260,US,15542.11,15542.11,70000.00 
100065084,One Man's Opinion Of Moonlight Song Collection,Music,Music,USD,2017-06-29,1450.00,2017-06-14 19:57:18,1647.00,successful,33,US,0.00,1647.00,1450.00
 1000650960,  Crap Amidst Hilarity vol. 1  ,Playing Cards,Games,USD,2016-03-22,7500.00,2016-01-22 01:36:45,942.25,failed,55,US,942.25,942.25,7500.00 
 1000654344,  Packable Fashionable & Protective   the ULTIMATE sun hat.  ,Fashion,Fashion,USD,2014-06-07,36000.00,2014-05-01 17:36:59,91003.67,successful,750,US,91003.67,91003.67,36000.00 
1000654409,Echo-Fuel: Make Echo Portable with Universal Charging Base!,Hardware,Technology,USD,2017-12-07,50000.00,2017-11-04 19:46:50,4237.00,failed,12,US,4384.00,4237.00,50000.00
1000656794,VoxCube - 8x8x8 RGB LED chainable cubes,Makerspaces,Technology,AUD,2016-04-01,129000.00,2016-03-02 00:15:02,11601.50,failed,32,AU,8267.42,8910.52,99078.34
1000659557,New world disorder,Punk,Music,USD,2016-07-05,5000.00,2016-06-05 18:46:18,0.00,failed,0,US,0.00,0.00,5000.00
 1000674477,      GENERATION FX     a documentary film.  ,Documentary,Film & Video,USD,2012-12-09,100000.00,2012-10-10 04:57:11,8085.00,failed,37,US,8085.00,8085.00,100000.00 
 1000682368,  Rack and Ruin Out of Orbit 3  ,Fiction,Publishing,GBP,2015-06-17,2500.00,2015-05-18 21:52:36,1315.00,failed,29,GB,2068.07,2082.74,3959.58 
1000684975,Help me prepare for an upcoming art show,Painting,Art,USD,2016-04-24,1200.00,2016-03-10 21:25:41,2.00,failed,2,US,2.00,2.00,1200.00
 1000694855,STREETFIGHTERZ WHEELIE MURICA,Film & Video,Film & Video,USD,2014-09-20,6500.00,2014-08-06 21:28:36,555.00,undefined,0,  N,0      ,,555.00,6500.00 
1000697657,The Forever Rechargeable Talking Super Capacitor Flashlight,Hardware,Technology,CAD,2013-10-23,2000.00,2013-09-23 23:36:49,656.00,failed,18,CA,636.78,628.47,1916.08
1000699196,COVENANT,Jazz,Music,USD,2014-12-07,32000.00,2014-11-07 18:02:15,4670.00,failed,42,US,4670.00,4670.00,32000.00
1000707541,Elephant Gun Media Blitzkrieg,Music,Music,USD,2011-11-04,777.00,2011-10-20 23:51:42,923.00,successful,36,US,923.00,923.00,777.00
1000710630,Our Shared Stories: An Afghan Diary,Anthologies,Publishing,USD,2016-08-20,7500.00,2016-07-06 16:22:04,9500.00,successful,86,US,880.00,9500.00,7500.00
1000719127,The Gentle Art Of Tutelage,Narrative Film,Film & Video,USD,2013-03-20,50000.00,2013-01-19 18:38:31,2161.00,failed,26,US,2161.00,2161.00,50000.00
 1000725978,  Air Bonsai | Create your     little star      ,Product Design,Design,USD,2016-03-01,80000.00,2016-01-21 12:18:00,843743.00,successful,3784,US,843743.00,843743.00,80000.00 
 1000727191,  Canadian Invasion's     Choose Your Own Adventure     Album  ,Pop,Music,USD,2010-12-20,2000.00,2010-10-26 01:17:27,2036.00,successful,38,US,2036.00,2036.00,2000.00 
1000727905,Wrist Covers,Product Design,Design,USD,2015-04-24,9500.00,2015-02-23 19:39:59,0.00,failed,0,US,0.00,0.00,9500.00
1000741180,High Stakes: A Short Film,Shorts,Film & Video,USD,2013-11-03,5000.00,2013-10-09 21:55:16,5120.00,successful,81,US,5120.00,5120.00,5000.00
1000741387,Fomatek: Foam Laptop Desks & Music Stands Elevate your Gear.,Product Design,Design,USD,2015-09-26,10000.00,2015-08-27 22:02:59,805.00,failed,10,US,805.00,805.00,10000.00
1000752960,100 Risings,Documentary,Film & Video,GBP,2014-07-10,500.00,2014-06-10 10:36:20,10.00,failed,1,GB,16.81,17.12,856.00
1000754401,Sky Scrapers Project,Tabletop Games,Games,USD,2015-06-16,50000.00,2015-05-17 21:44:40,1825.00,failed,32,US,1825.00,1825.00,50000.00
1000758916,Keys to the Moon's First Full Length Album!,Music,Music,USD,2016-10-01,4000.00,2016-09-01 15:32:07,4629.00,successful,37,US,15.00,4629.00,4000.00
1000761521,KILOS.,Thrillers,Film & Video,USD,2018-02-06,5000.00,2017-12-23 20:34:31,310.00,live,4,US,200.00,310.00,5000.00
1000767040,Strait Jacket – Tangle Prevention For Headphones,Product Design,Design,USD,2016-11-23,30000.00,2016-10-24 03:35:51,1041.00,canceled,46,US,549.00,1041.00,30000.00
1000770149,Worrisome Wilf's Beastly Bedtime,Children's Books,Publishing,GBP,2013-06-12,5500.00,2013-05-13 13:59:23,5721.00,successful,140,GB,8787.83,8937.95,8592.68
 1000772297,  Airfoil Click Pen: Aviation Inspired for gel & rollerball  ,Product Design,Design,USD,2014-10-05,5000.00,2014-09-09 20:17:23,26407.00,successful,327,US,26407.00,26407.00,5000.00 
 1000776914,  VLC for the new Windows 8 User Experience (    Metro    )  ,Software,Technology,GBP,2012-12-29,40000.00,2012-11-29 13:54:50,47056.86,successful,3080,GB,75365.14,75379.02,64074.84 
1000777557,Raise funds for the new JonathanGluck and the Wayward Kind album!,Rock,Music,USD,2010-09-19,4000.00,2010-07-30 23:23:15,30.00,failed,2,US,30.00,30.00,4000.00
1000781363,The Spider and the Fly,Children's Books,Publishing,USD,2014-07-09,19650.00,2014-06-09 09:10:06,20313.00,successful,164,US,20313.00,20313.00,19650.00
1000781512,Knock Down Drag Out,Shorts,Film & Video,USD,2012-01-10,800.00,2011-12-09 00:23:22,850.00,successful,19,US,850.00,850.00,800.00
1000785030,Day of the Dead Tyrion Lannister Calavera Vinyl Stickers,Illustration,Art,USD,2015-01-17,275.00,2015-01-03 04:12:23,642.00,successful,40,US,642.00,642.00,275.00
1000786724,Harold VS The Horde,Video Games,Games,USD,2015-01-18,14000.00,2014-12-19 07:49:11,113.00,failed,18,US,113.00,113.00,14000.00
1000788629,Camille Peruto - NEW ALBUM,Pop,Music,USD,2016-07-06,15000.00,2016-05-07 00:02:52,18009.00,successful,69,US,18009.00,18009.00,15000.00
100078996,APP - CUSTOM SHOES/ Calzado Personalizado - MADAME MARIAN,Apps,Technology,MXN,2016-12-21,55000.00,2016-11-19 04:05:23,56680.00,successful,24,MX,2.45,2739.22,2658.03
1000802137,Tye's Photographic Journey.,People,Photography,USD,2015-12-12,2500.00,2015-11-12 07:06:24,0.00,failed,0,US,0.00,0.00,2500.00
1000804307,Ropw,Games,Games,USD,2017-09-22,2000.00,2017-08-23 09:59:23,3.69,failed,3,US,0.00,3.69,2000.00
1000804742,The Chelsea Chronicle Podcast,Audio,Journalism,GBP,2017-02-24,10000.00,2017-01-25 16:21:21,337.50,failed,15,GB,115.05,423.72,12554.61
1000810416,Wildlife Inspired T-Shirts Help Me To Help Wildlife,Apparel,Fashion,GBP,2017-07-31,200.00,2017-07-06 17:49:08,15.00,failed,1,GB,19.40,19.72,262.92
1000811882,The Sword of Asumi Visual Novel,Video Games,Games,GBP,2014-11-10,2500.00,2014-10-19 20:35:23,3097.00,successful,107,GB,4983.78,4848.23,3913.65
1000823935,Wax Stacks LP Record Crates,Design,Design,USD,2015-07-15,35000.00,2015-06-15 17:55:05,39209.00,successful,120,US,39209.00,39209.00,35000.00
1000827504,The JANIS JOPLIN Project (Canceled),Photography,Photography,USD,2012-08-21,11000.00,2012-07-10 02:31:19,75.00,canceled,1,US,75.00,75.00,11000.00
1000827890,Throw Over Car Door Dent Protector,Design,Design,USD,2017-03-01,5000.00,2017-02-02 23:49:26,45.00,failed,2,US,0.00,45.00,5000.00
1000834930,Strawberry Fields Café and Patisserie,Food,Food,CAD,2017-01-23,50000.00,2016-12-01 21:16:27,0.00,failed,0,CA,0.00,0.00,38112.66
1000844246,Tofu: Stylish T-Shirts that are Made by Freedom,Apparel,Fashion,USD,2015-08-10,3000.00,2015-07-22 15:31:10,23079.00,successful,140,US,23079.00,23079.00,3000.00
1000850525,American Confines vol 1: Cincinnati in 52,Photobooks,Photography,USD,2016-07-20,17500.00,2016-06-20 08:10:03,656.00,failed,14,US,615.00,656.00,17500.00
1000853310,Good Company,Shorts,Film & Video,USD,2012-02-27,500.00,2012-01-28 04:22:17,5.00,failed,1,US,5.00,5.00,500.00
 1000865260,  Launch     Romeo and Juliet in Yiddish     in New York City  ,Film & Video,Film & Video,USD,2011-06-10,5000.00,2011-05-17 22:17:10,0.00,failed,0,US,0.00,0.00,5000.00 
1000869383,The Case of the Silent Girl - a dark Sherlock Holmes tale,Comics,Comics,SEK,2016-07-18,4450.00,2016-06-18 20:16:00,8503.00,successful,47,SE,409.54,986.03,516.03
1000883509,Chasing Blue at The Trans Theatre Festival,Festivals,Theater,USD,2016-06-01,4000.00,2016-04-29 19:53:22,4813.00,successful,105,US,4813.00,4813.00,4000.00
1000885772,Mooli London | Designer Camera & Tech Bag - The Hampton,Product Design,Design,GBP,2015-10-10,15000.00,2015-09-04 16:33:23,15267.00,successful,85,GB,23358.14,23576.92,23164.59
100089599,CLOTHING LABEL WITH A 90's STATE OF MIND - MADE IN FRANCE,Apparel,Fashion,EUR,2016-12-18,3286.00,2016-11-18 18:51:27,3776.00,successful,44,FR,427.94,3944.43,3432.57
1000896053,The Ultimate Custom Shark Rig,Product Design,Design,USD,2015-04-24,8000.00,2015-03-25 14:58:46,0.00,failed,0,US,0.00,0.00,8000.00
1000916036,Conference Paradigm Shift Meeting #3,Performance Art,Art,EUR,2017-12-13,700.00,2017-10-14 08:25:55,85.00,failed,4,FR,88.86,100.35,826.42
1000918505,Dynamic Faces Match,Games,Games,USD,2017-02-23,15000.00,2017-01-24 20:46:15,0.00,canceled,0,US,0.00,0.00,15000.00
100091944,Climbing 4 Kidz,Film & Video,Film & Video,CAD,2014-05-08,38875.00,2014-04-09 22:39:16,0.00,failed,0,CA,0.00,0.00,35895.66
1000922108,Tugboat Collective's Inaugural Season,Theater,Theater,USD,2012-10-11,9000.00,2012-09-12 05:32:06,10046.00,successful,115,US,10046.00,10046.00,9000.00
1000932522,Geocaching Trading Cards - History Series II,Games,Games,USD,2013-03-03,1500.00,2013-02-01 20:14:41,1620.00,successful,52,US,1620.00,1620.00,1500.00
1000937140,The FUN n' EASY CookBook For Children's Well.....Fun Cooking,Publishing,Publishing,USD,2012-12-09,3500.00,2012-11-07 19:53:01,0.00,failed,0,US,0.00,0.00,3500.00
1000940032,Space Trucker,Video Games,Games,USD,2016-12-08,150.00,2016-11-08 08:20:27,165.00,successful,7,US,25.00,165.00,150.00
1000942804,High,Documentary,Film & Video,USD,2016-07-02,5250.00,2016-06-02 04:55:34,0.00,failed,0,US,0.00,0.00,5250.00
1000953875,Club Wick3d,Video Games,Games,USD,2015-03-23,300000.00,2015-01-22 22:28:42,1.00,failed,1,US,1.00,1.00,300000.00
1000968500,Modern Handmade Ceramics: Paper & Clay,Ceramics,Art,USD,2013-05-24,3000.00,2013-05-10 04:48:33,4386.00,successful,94,US,4386.00,4386.00,3000.00
1000983983,Join me in completing my first Solo Project CD!,Pop,Music,USD,2011-09-30,2000.00,2011-08-09 23:19:09,170.00,failed,7,US,170.00,170.00,2000.00
1000987760,Emotional Makayla: Mommy's Birthday Gift!,Children's Books,Publishing,USD,2017-02-19,3000.00,2017-01-05 19:10:03,91.00,failed,4,US,20.00,91.00,3000.00
1000988678,Ashley's Beauty Tool Organizer Kit,Crafts,Crafts,USD,2014-08-30,7000.00,2014-08-06 21:31:52,0.00,failed,0,US,0.00,0.00,7000.00
 1000988864,  Alaska Bug Bites LLC - Farmers Markets Launch  ,Vegan,Food,USD,2017-04-01,2000.00,2017-02-22 18:32:07,2164.77,successful,52,US,525.00,2164.77,2000.00 
1004697378,Rolling : a real journey  (Canceled),Documentary,Film & Video,USD,2011-03-03,160000.00,2011-01-12 15:53:11,10.00,canceled,1,US,10.00,10.00,160000.00
1004698783,Go Mobile Drool Central,Food Trucks,Food,USD,2016-04-02,25000.00,2016-03-03 09:59:00,1708.00,failed,16,US,1708.00,1708.00,25000.00
1004727949,Awfully Sudden-The Album,Indie Rock,Music,USD,2012-12-01,2500.00,2012-11-01 21:08:44,2500.50,successful,57,US,2500.50,2500.50,2500.00
1004749427,BEYOND PARALLEL: Print Edition Run for coming-of-age novel,Fiction,Publishing,GBP,2013-07-11,2743.00,2013-06-11 14:49:03,1139.00,failed,49,GB,1770.41,1720.86,4144.26
1004752143,The 'i don't want to apply for x-factor' Music Project,Pop,Music,GBP,2015-07-01,6500.00,2015-06-01 12:11:21,2180.00,failed,30,GB,3333.44,3405.98,10155.46
1004756907,Off the beaten track,Photography,Photography,GBP,2015-04-21,60000.00,2015-03-07 00:35:01,1.00,failed,1,GB,1.53,1.51,90716.66
1004760459,LOVERS LOST - Feature Film,Narrative Film,Film & Video,CAD,2014-05-31,10000.00,2014-05-01 23:13:08,13065.00,successful,122,CA,11917.85,11959.90,9154.16
1004763680,Coon's Age Volume One,Graphic Novels,Comics,USD,2015-02-19,3000.00,2015-01-19 19:59:55,169.00,failed,6,US,169.00,169.00,3000.00
1004766153,Let Us Make Man (Canceled),Shorts,Film & Video,USD,2011-11-21,3000.00,2011-10-13 08:34:12,55.00,canceled,2,US,55.00,55.00,3000.00
1004781384,Might As Well Live: Dorothy Parker Does Hollywood Fringe,Plays,Theater,USD,2015-06-03,3000.00,2015-05-02 23:00:01,4656.00,successful,56,US,4656.00,4656.00,3000.00
1004783664,Traditional Astrophotography: A window to Cygnus,Photography,Photography,USD,2012-03-25,2000.00,2012-02-09 05:52:32,3053.00,successful,43,US,3053.00,3053.00,2000.00
1004784584,Hole in the Wall - Hector Records His Debut Studio Album!,Rock,Music,USD,2014-08-10,1000.00,2014-07-11 17:05:56,1045.00,successful,20,US,1045.00,1045.00,1000.00
1004807406,Lighten Up,Music,Music,USD,2016-03-13,500.00,2016-02-12 02:30:46,1.00,failed,1,US,1.00,1.00,500.00
1004808301,Surrender to Spirit Creative Writing Project - Phase 1,Fiction,Publishing,USD,2012-09-08,2500.00,2012-07-10 23:39:01,60.00,failed,3,US,60.00,60.00,2500.00
1004812579,Newton's Wildlife Adventures,Children's Books,Publishing,GBP,2014-08-13,3000.00,2014-07-14 18:26:39,13.00,failed,4,GB,22.26,21.70,5007.01
1004814701,The Secret Tomato Project,Farms,Food,USD,2015-08-06,1000.00,2015-07-30 01:13:55,1531.00,successful,42,US,1531.00,1531.00,1000.00
1004814890,XSTINK,Video Games,Games,USD,2012-02-28,2500.00,2012-01-14 06:20:26,125.00,failed,4,US,125.00,125.00,2500.00
1004817817,Opening an online-gallery for great Dinosaur Art and Artists,Mixed Media,Art,USD,2013-06-03,999.00,2013-05-04 00:45:59,1653.00,successful,28,US,1653.00,1653.00,999.00
1004820376,Meditation: 8 Simple Techniques for Beginners,Nonfiction,Publishing,EUR,2017-02-20,110.00,2017-01-30 18:18:26,5.00,failed,1,AT,0.00,5.30,116.70
1004830984,Qi Aerista: The Ultimate Wi-Fi-Enabled Smart Tea Maker,Product Design,Design,HKD,2016-12-15,600000.00,2016-11-15 16:51:13,1343877.00,successful,1180,HK,35693.05,173126.48,77295.68
100483818,The Art of Mitch Foust 2017 Yearbook,Art Books,Publishing,USD,2017-06-02,5000.00,2017-05-01 12:41:36,10177.00,successful,79,US,5957.00,10177.00,5000.00
1004846489,Bring Victorian to Life.,Pop,Music,USD,2013-10-22,4000.00,2013-10-15 04:23:16,4542.83,successful,21,US,4542.83,4542.83,4000.00
1004851582,Chat's Choice Gaming,Live Games,Games,USD,2017-12-01,10000.00,2017-10-30 23:57:45,0.00,failed,0,US,0.00,0.00,10000.00
1004856971,Thank You Letters from Krys,Publishing,Publishing,USD,2014-12-05,1000.00,2014-11-05 23:30:51,0.00,failed,0,US,0.00,0.00,1000.00
1004859669,MargOH! in What makes a legend drink more? London Style,Theater,Theater,USD,2010-12-21,1200.00,2010-10-31 16:44:31,110.00,failed,4,US,110.00,110.00,1200.00
1004866875,Original paintings from £10,Painting,Art,GBP,2015-07-29,500.00,2015-06-29 12:12:07,92.00,failed,4,GB,144.88,143.30,778.79
1004871321,OPUNTIA,Documentary,Film & Video,USD,2016-07-15,15000.00,2016-06-15 16:30:47,17933.00,successful,117,US,16699.00,17933.00,15000.00
1004889267,Debut Hip-Hop Album by MikelWJ,Music,Music,USD,2011-12-26,210.00,2011-10-27 01:44:53,5.00,failed,1,US,5.00,5.00,210.00
1004911835,The Shattered Shards 3D Printable Fantasy War Games Scenery,Tabletop Games,Games,GBP,2017-11-21,500.00,2017-11-06 19:06:08,5231.00,successful,86,GB,2277.01,6971.32,666.35
1004921259,Temple Flower | Vibrant Activewear and Yoga Apparel,Apparel,Fashion,USD,2015-03-12,20000.00,2015-02-10 14:15:41,22665.00,successful,103,US,22665.00,22665.00,20000.00
1004922401,Scorned starring American Idol alum & 2x Grammy nominee Chip,Shorts,Film & Video,USD,2012-02-03,4500.00,2012-01-09 01:13:10,0.00,failed,0,US,0.00,0.00,4500.00
1004930345,The Here I AM' Project,Hip-Hop,Music,USD,2014-05-15,500.00,2014-04-15 02:48:15,76.00,failed,3,US,76.00,76.00,500.00
1004941506,Maori MBT Awareness Centre,Web,Journalism,CAD,2017-10-18,2000000.00,2017-08-19 22:13:55,2242.00,failed,19,CA,1160.67,1794.46,1600768.37
100495978,A Weekly Video Series,Animation,Film & Video,USD,2016-03-26,500.00,2016-02-25 18:51:16,2.00,failed,2,US,2.00,2.00,500.00
1004959988,Bike Pouch,Product Design,Design,USD,2012-06-21,31400.00,2012-05-22 22:11:38,1004.00,failed,27,US,1004.00,1004.00,31400.00
1004964278,GLOBAL INTERSECTION 13: A World of Materials and Methods,Mixed Media,Art,USD,2013-09-22,2100.00,2013-08-23 19:31:04,175.00,failed,3,US,175.00,175.00,2100.00
1004968643,Zombie T-Shirts & Hoodies,Fashion,Fashion,USD,2012-06-09,3000.00,2012-05-10 20:47:18,0.00,failed,0,US,0.00,0.00,3000.00
1004972393,AlwaysRemembered.com The new way to remember our loved ones,Web,Technology,AUD,2017-05-15,100000.00,2017-04-15 09:17:40,0.00,failed,0,AU,18.93,0.00,74371.56
1004979544,Moustache Bow Tie Project for Mo Bros & Mo Sistas,Fashion,Fashion,USD,2012-11-28,500.00,2012-10-24 20:51:48,1162.00,successful,44,US,1162.00,1162.00,500.00
100497966,My first official music video for my single Forever,Hip-Hop,Music,USD,2013-07-31,700.00,2013-07-01 20:54:31,0.00,failed,0,US,0.00,0.00,700.00
1004982490,Personalized Children's Book (Canceled),Publishing,Publishing,USD,2015-06-17,30000.00,2015-05-18 19:07:37,6353.00,canceled,141,US,6353.00,6353.00,30000.00
1004988635,Prelude - Psychological Survival Horror Game,Video Games,Games,MXN,2017-10-27,5000.00,2017-09-27 09:39:31,5050.00,successful,25,MX,25.12,262.20,259.61
1004989778,Our Bible App,Product Design,Design,USD,2016-10-02,40000.00,2016-08-29 20:52:45,2328.11,failed,45,US,0.00,2328.11,40000.00
1004990910,Een leven lang FLOW,Nonfiction,Publishing,EUR,2016-10-30,10000.00,2016-10-06 18:39:49,10317.00,successful,56,NL,3540.04,11444.64,11092.99
1004999687,Garment Collective: Ethically sourced. Redemptively Made.,Apparel,Fashion,USD,2015-01-25,20000.00,2014-12-08 19:25:43,26695.00,successful,296,US,26695.00,26695.00,20000.00
1005000674,In The Beginning by Mark Barnes,World Music,Music,USD,2016-04-04,2000.00,2016-03-14 00:37:14,772.00,failed,20,US,772.00,772.00,2000.00
10050058,The Challis Effect: Your Heart Was Built On A Graveyard....,Rock,Music,USD,2012-05-14,3500.00,2012-04-14 01:26:12,0.00,failed,0,US,0.00,0.00,3500.00
1005008262,A:LOG,Design,Design,USD,2013-06-28,20000.00,2013-05-29 04:01:45,30673.00,successful,775,US,30673.00,30673.00,20000.00
1005009188,Maui to Maine 2017 | CLAYBOURNE TOUR,Music,Music,USD,2017-05-12,2000.00,2017-03-13 20:48:09,2000.00,successful,16,US,155.00,2000.00,2000.00
1005014904,Worlds of Adventure: Fantasy Realms,Tabletop Games,Games,GBP,2016-08-15,10000.00,2016-07-15 07:55:38,294.00,failed,15,GB,213.36,384.79,13087.98
1005018489,Perfect Boots - Fernando Berlin,Footwear,Fashion,EUR,2015-10-16,20000.00,2015-09-16 21:12:51,34411.00,successful,79,DE,38934.75,39090.97,22720.04
1005020458,Tiddly Trailer Bar Co.,Drinks,Food,USD,2018-01-02,9500.00,2017-11-03 21:36:22,9500.00,live,36,US,0.00,9500.00,9500.00
1005023399,The Dihydrogen Monoxide Conspiracy,Documentary,Film & Video,USD,2016-04-07,25000.00,2016-02-22 15:13:55,16680.01,failed,502,US,16680.01,16680.01,25000.00
1005027414,3D survival Kit,Product Design,Design,USD,2015-12-17,500.00,2015-11-02 01:23:58,1919.00,successful,43,US,1919.00,1919.00,500.00
1005030157,Tons Of Music For A Buck!!!,Rock,Music,USD,2015-08-15,1.00,2015-07-16 23:41:20,113.00,successful,13,US,113.00,113.00,1.00
1005036020,Adoree - European Promo Tour (Summer 2011),Electronic Music,Music,USD,2011-06-19,15000.00,2011-05-20 17:12:04,845.00,failed,20,US,845.00,845.00,15000.00
1005037455,Read The Bible in 1 Year Card System,Nonfiction,Publishing,USD,2013-08-31,4500.00,2013-08-02 21:29:59,145.00,failed,11,US,145.00,145.00,4500.00
1005040851,Rob Wiley Custom Leatherwork,Fashion,Fashion,USD,2015-04-27,20000.00,2015-03-28 02:47:24,540.00,failed,4,US,540.00,540.00,20000.00
1005044737,Entropy: Lovecraftian horror meets sci-fy,Webcomics,Comics,USD,2017-12-16,4500.00,2017-11-11 22:51:02,305.00,canceled,10,US,195.00,305.00,4500.00
1005051188,N3ON LOVE official launch,Video Games,Games,USD,2016-03-03,450.00,2016-02-01 08:26:12,115.00,failed,4,US,115.00,115.00,450.00
1005053619,Famous Paintings - a tribute to another art form (Canceled),Photography,Photography,USD,2012-06-01,10000.00,2012-04-02 22:30:20,0.00,canceled,0,US,0.00,0.00,10000.00
1005063605,LittleRP - Affordable Flexible Open 3D Resin Printer,3D Printing,Technology,USD,2014-09-10,25000.00,2014-08-11 17:03:52,118923.50,successful,290,US,118923.50,118923.50,25000.00
1004859669,MargOH! in What makes a legend drink more? London Style,Theater,Theater,USD,2010-12-21,1200.00,2010-10-31 16:44:31,110.00,failed,4,US,110.00,110.00,1200.00
1004866875,Original paintings from £10,Painting,Art,GBP,2015-07-29,500.00,2015-06-29 12:12:07,92.00,failed,4,GB,144.88,143.30,778.79
1004871321,OPUNTIA,Documentary,Film & Video,USD,2016-07-15,15000.00,2016-06-15 16:30:47,17933.00,successful,117,US,16699.00,17933.00,15000.00
1004889267,Debut Hip-Hop Album by MikelWJ,Music,Music,USD,2011-12-26,210.00,2011-10-27 01:44:53,5.00,failed,1,US,5.00,5.00,210.00
1004911835,The Shattered Shards 3D Printable Fantasy War Games Scenery,Tabletop Games,Games,GBP,2017-11-21,500.00,2017-11-06 19:06:08,5231.00,successful,86,GB,2277.01,6971.32,666.35
1004921259,Temple Flower | Vibrant Activewear and Yoga Apparel,Apparel,Fashion,USD,2015-03-12,20000.00,2015-02-10 14:15:41,22665.00,successful,103,US,22665.00,22665.00,20000.00
1004922401,Scorned starring American Idol alum & 2x Grammy nominee Chip,Shorts,Film & Video,USD,2012-02-03,4500.00,2012-01-09 01:13:10,0.00,failed,0,US,0.00,0.00,4500.00
1004930345,The Here I AM' Project,Hip-Hop,Music,USD,2014-05-15,500.00,2014-04-15 02:48:15,76.00,failed,3,US,76.00,76.00,500.00
1004941506,Maori MBT Awareness Centre,Web,Journalism,CAD,2017-10-18,2000000.00,2017-08-19 22:13:55,2242.00,failed,19,CA,1160.67,1794.46,1600768.37
100495978,A Weekly Video Series,Animation,Film & Video,USD,2016-03-26,500.00,2016-02-25 18:51:16,2.00,failed,2,US,2.00,2.00,500.00
1004959988,Bike Pouch,Product Design,Design,USD,2012-06-21,31400.00,2012-05-22 22:11:38,1004.00,failed,27,US,1004.00,1004.00,31400.00
1004964278,GLOBAL INTERSECTION 13: A World of Materials and Methods,Mixed Media,Art,USD,2013-09-22,2100.00,2013-08-23 19:31:04,175.00,failed,3,US,175.00,175.00,2100.00
1004968643,Zombie T-Shirts & Hoodies,Fashion,Fashion,USD,2012-06-09,3000.00,2012-05-10 20:47:18,0.00,failed,0,US,0.00,0.00,3000.00
1004972393,AlwaysRemembered.com The new way to remember our loved ones,Web,Technology,AUD,2017-05-15,100000.00,2017-04-15 09:17:40,0.00,failed,0,AU,18.93,0.00,74371.56
1004979544,Moustache Bow Tie Project for Mo Bros & Mo Sistas,Fashion,Fashion,USD,2012-11-28,500.00,2012-10-24 20:51:48,1162.00,successful,44,US,1162.00,1162.00,500.00
100497966,My first official music video for my single Forever,Hip-Hop,Music,USD,2013-07-31,700.00,2013-07-01 20:54:31,0.00,failed,0,US,0.00,0.00,700.00
1004982490,Personalized Children's Book (Canceled),Publishing,Publishing,USD,2015-06-17,30000.00,2015-05-18 19:07:37,6353.00,canceled,141,US,6353.00,6353.00,30000.00
1004988635,Prelude - Psychological Survival Horror Game,Video Games,Games,MXN,2017-10-27,5000.00,2017-09-27 09:39:31,5050.00,successful,25,MX,25.12,262.20,259.61
1004989778,Our Bible App,Product Design,Design,USD,2016-10-02,40000.00,2016-08-29 20:52:45,2328.11,failed,45,US,0.00,2328.11,40000.00
1004990910,Een leven lang FLOW,Nonfiction,Publishing,EUR,2016-10-30,10000.00,2016-10-06 18:39:49,10317.00,successful,56,NL,3540.04,11444.64,11092.99
1004999687,Garment Collective: Ethically sourced. Redemptively Made.,Apparel,Fashion,USD,2015-01-25,20000.00,2014-12-08 19:25:43,26695.00,successful,296,US,26695.00,26695.00,20000.00
1005000674,In The Beginning by Mark Barnes,World Music,Music,USD,2016-04-04,2000.00,2016-03-14 00:37:14,772.00,failed,20,US,772.00,772.00,2000.00
10050058,The Challis Effect: Your Heart Was Built On A Graveyard....,Rock,Music,USD,2012-05-14,3500.00,2012-04-14 01:26:12,0.00,failed,0,US,0.00,0.00,3500.00
1005008262,A:LOG,Design,Design,USD,2013-06-28,20000.00,2013-05-29 04:01:45,30673.00,successful,775,US,30673.00,30673.00,20000.00
1005009188,Maui to Maine 2017 | CLAYBOURNE TOUR,Music,Music,USD,2017-05-12,2000.00,2017-03-13 20:48:09,2000.00,successful,16,US,155.00,2000.00,2000.00
1005014904,Worlds of Adventure: Fantasy Realms,Tabletop Games,Games,GBP,2016-08-15,10000.00,2016-07-15 07:55:38,294.00,failed,15,GB,213.36,384.79,13087.98
1005018489,Perfect Boots - Fernando Berlin,Footwear,Fashion,EUR,2015-10-16,20000.00,2015-09-16 21:12:51,34411.00,successful,79,DE,38934.75,39090.97,22720.04
1005020458,Tiddly Trailer Bar Co.,Drinks,Food,USD,2018-01-02,9500.00,2017-11-03 21:36:22,9500.00,live,36,US,0.00,9500.00,9500.00
1005023399,The Dihydrogen Monoxide Conspiracy,Documentary,Film & Video,USD,2016-04-07,25000.00,2016-02-22 15:13:55,16680.01,failed,502,US,16680.01,16680.01,25000.00
1005027414,3D survival Kit,Product Design,Design,USD,2015-12-17,500.00,2015-11-02 01:23:58,1919.00,successful,43,US,1919.00,1919.00,500.00
1005030157,Tons Of Music For A Buck!!!,Rock,Music,USD,2015-08-15,1.00,2015-07-16 23:41:20,113.00,successful,13,US,113.00,113.00,1.00
1005036020,Adoree - European Promo Tour (Summer 2011),Electronic Music,Music,USD,2011-06-19,15000.00,2011-05-20 17:12:04,845.00,failed,20,US,845.00,845.00,15000.00
1005037455,Read The Bible in 1 Year Card System,Nonfiction,Publishing,USD,2013-08-31,4500.00,2013-08-02 21:29:59,145.00,failed,11,US,145.00,145.00,4500.00
1005040851,Rob Wiley Custom Leatherwork,Fashion,Fashion,USD,2015-04-27,20000.00,2015-03-28 02:47:24,540.00,failed,4,US,540.00,540.00,20000.00
1005044737,Entropy: Lovecraftian horror meets sci-fy,Webcomics,Comics,USD,2017-12-16,4500.00,2017-11-11 22:51:02,305.00,canceled,10,US,195.00,305.00,4500.00
1005051188,N3ON LOVE official launch,Video Games,Games,USD,2016-03-03,450.00,2016-02-01 08:26:12,115.00,failed,4,US,115.00,115.00,450.00
1005053619,Famous Paintings - a tribute to another art form (Canceled),Photography,Photography,USD,2012-06-01,10000.00,2012-04-02 22:30:20,0.00,canceled,0,US,0.00,0.00,10000.00
1005063605,LittleRP - Affordable Flexible Open 3D Resin Printer,3D Printing,Technology,USD,2014-09-10,25000.00,2014-08-11 17:03:52,118923.50,successful,290,US,118923.50,118923.50,25000.00